instrumentIdentifier,CNLP_rating
67936981TLBKH1B00184@AA4,A1
70589462TLBKH1B00184@AA4,A1
68179151TLBKH1B00191#AA3,A1
70900543TLBH 1B00191#AA3,A1
68456231TLBKH1B00193*AA5,A1
71049433TLBH 1B00193*AA5,A1
68577731TLBKH1B00225#AA3,A1
71193393TLBH 1B00225#AA3,A1
71334241TLBF 1B009098A*5,A1
51910441TLBWH1B02401@AA7,Baa3
71322601TLBH 1B03063#AB0,Baa2
71414211TLBH 1B031100P*5,Baa1
66206601TLBWH1B03980@AB2,Baa2
66206591TLBKH1B03980@AC0,Baa2
64036941TLBWH1B04317@AX6,Baa3
64560131TLBWH1B04317@AY4,Baa3
66168251TLBH 1B05279@AA9,A3
67077962TLBH 1B05279@AA9,A3
68176983TLBH 1B05279@AA9,A3
70297204TLBH 1B05279@AA9,A3
71179205TLBH 1B05279@AA9,A3
22573451TLBH 1B05279#AD1,A3
47078621TLBKH1B055262A#6,A2
47078631TLBWH1B055262A#6,A2
65909751TLBH 1B05590#AA9,A3
61705501TLBH 1B08888@AA6,Baa3
24068211TLBKH1B09951#AG1,Baa2
64268931TLBKH1B11283*AA3,Baa2
64268941TLBYH1B11283*AA3,Baa2
65840181TLBKH1B12596@AA1,A2
44291001TLBKH1B12656*AG7,A2
60906711TLBYH1B12656*AM4,A3
47711151TLBYH1B13466*AA8,Baa2
54563381TLBKH1B151895C@6,Baa2
53059371TLBKH1B15678#AJ4,A2
53059382TLBKH1B15678#AJ4,A2
55394391TLBKH1B18055#AU6,A3
47651621TLBKH1B21017#AA1,Baa3
47651631TLBYH1B21017#AA1,Baa3
47651641TLBWH1B21017#AA1,Baa3
70738221TLBS 1B210518G*1,A1
65250613TLBWH1B22357@AA9,Baa2
43133061TLBKH1B22536#AA1,Baa2
43133071TLBYH1B22536#AA1,Baa2
43133081TLBWH1B22536#AA1,Baa2
47353861TLBWH1B22959#AA9,Baa1
64938851TLBKH1B22964*AC2,Baa2
43920071TLBKH1B23157#AF6,Baa2
43920091TLBYH1B23157#AG4,Baa2
43920101TLBWH1B23157#AG4,Baa2
25396331TLBKH1B24715@AA2,A1
38340341TLBKH1B24715@AK0,A1
50989171TLBYH1B29252BAA7,A3
50989181TLBWH1B29252BAA7,A3
61427091TLBWH1B30288*AA8,Baa2
40015352TLBWH1B318069B@9,Baa1
40015361TLBYH1B318069B@9,Baa1
40015371TLBWH1B318069B@9,Baa1
31510551TLBKH1B344868AA2,A2
51788071TLBWH1B34487#AB3,A2
51788061TLBKH1B34487#AD9,A2
70298411TLBKH1B34489*AF6,A2
68047881TLBH 1B40465@AD4,Baa2
40423601TLBH 1B41242*AN2,A3
40423617TLBH 1B41242*AN2,A3
40423629TLBH 1B41242*AN2,A3
40777082TLBH 1B41242*AN2,A3
40777098TLBH 1B41242*AN2,A3
407771010TLBH 1B41242*AN2,A3
45225581TLBWH1B41242*AR3,A3
45225571TLBKH1B41242*AS1,A3
53918051TLBKH1B41242*AY8,A3
70772561TLBH 1B41242*BM3,A3
70826211TLBH 1B41242*BN1,A3
32732721TLBH 1B44569*BL4,B1
56386601TLBKH1B44919*AC2,A2
50052681TLBKH1B46361*AC0,A1
40296131TLBKH1B48121@AB7,Baa3
40296141TLBYH1B48121@AB7,Baa3
40296151TLBWH1B48121@AB7,Baa3
43017251TLBKH1B497266B*6,Baa2
43017263TLBKH1B497266B*6,Baa2
43017275TLBKH1B497266B*6,Baa2
43954882TLBKH1B497266B*6,Baa2
43954894TLBKH1B497266B*6,Baa2
43954906TLBKH1B497266B*6,Baa2
682961611TLBH 1B497266B*6,Baa2
59527861TLBKH1B55335@AA6,A3
46428101TLBKH1B56081#AS9,A2
25911941TLBKH1B57169*AM9,A2
62938921TLBYH1B57169*BL0,A2
62938931TLBWH1B57169*BL0,A2
46277252TLBYH1B607120EZ1,A2
46277261TLBYH1B607120EZ1,A2
46277271TLBWH1B607120EZ1,A2
70882191TLBH 1B62927#AP1,A1
67529931TLBH 1B67105@AF8,Baa3
23292631TLBKH1B698525AA0,Ba2
50704361TLBKH1B74170*AE9,A2
71119161TLBF 1B74170*AV1,A2
55027231TLBKH1B74986@AP6,A3
55027251TLBWH1B74986@AQ4,A3
70408131TLBKH1B74986@AY7,A3
50404351TLBKH1B76824*AV6,Baa1
49309151TLBKH1B84611#AE1,Baa2
49309162TLBKH1B84611#AE1,Baa2
49309173TLBKH1B84611#AE1,Baa2
59839491TLBWH1B84611#AF8,Baa2
53239261TLBKH1B84860*AB9,Baa3
45363491TLBKH1B85234#AB1,Baa3
45363511TLBWH1B85234#AB1,Baa3
62030181TLBS 1B86801FA*7,Baa3
51910431TLBYH1B89566EA#5,A2
51910451TLBWH1B89566EA#5,A2
51190621TLBKH1B90363@AA8,A3
60181361TLBKH1B91854*AA4,Baa1
51019491TLBYH1B92783#AA4,A3
51019501TLBWH1B92783#AA4,A3
52569581TLBYH1B97314@AA3,A3
52569591TLBWH1B97314@AA3,A3
46042511TLBH 1BC4861*AJ6,Baa2
31323871TLBKH1BG2615*AD8,Baa2
45477181TLBKH1BG9284#BD8,Baa2
41764791TLBYH1BN4282*AG1,Baa1
44290991TLBKH1BQ1842#AB4,Baa2
44291012TLBKH1BQ1842#AB4,Baa2
46541021TLBKH1BQ2107#AG1,Baa2
46541031TLBKH1BQ2107#AH9,Baa2
44937911TLBKH1BQ3393*AH4,Baa1
50000261TLBKH1BQ3629#AF0,A3
51329301TLBKH1BQ3917#AA2,Baa2
41679431LUL0 0700003#AB9,Baa1
41679451LEQ0 1000003#AB9,Baa1
41679452LUL0 1000003#AB9,Baa1
41679453LUL0 1000003#AB9,Baa1
41679591LTRL 0700003#AB9,Baa1
41679312ESPS 1000003#AC7,Baa1
41679322ESPS 0700003#AC7,Baa1
41679323ESPS 0700003#AC7,Baa1
41679324ESPS 0700003#AC7,Baa1
41679325ESPS 0700003#AC7,Baa1
41679421LEQ0 1C00003#AC7,Baa1
41679441LUL0 0700003#AC7,Baa1
41679461HHE0 1000003#AC7,Baa1
41679581LULI 0700003#AC7,Baa1
41679601LTRL 0700003#AC7,Baa1
41679301LULA 0700003#AD5,Baa1
64107511ESPL 0700122@AA9,Baa2
64107791ESPL 1000122@AA9,Baa2
64107891LEQ0 2600122@AA9,Baa2
64108723HLT0 2600122@AA9,Baa2
64833942ESPL 0700122@AA9,Baa2
64834072ESPL 1000122@AA9,Baa2
64834122LEQ0 2600122@AA9,Baa2
64835912HLT0 2600122@AA9,Baa2
65983083ESPL 0700122@AA9,Baa2
65983143ESPL 1000122@AA9,Baa2
65983181LTR0 2600122@AA9,Baa2
65983383HLTM 0700122@AA9,Baa2
67191784ESPL 0700122@AA9,Baa2
67191864ESPL 1000122@AA9,Baa2
67191924LUL0 2600122@AA9,Baa2
67192724HLTM 0700122@AA9,Baa2
68320185ESPL 0700122@AA9,Baa2
68320295ESPL 1000122@AA9,Baa2
68320345LUL0 2600122@AA9,Baa2
68320985HLTM 0700122@AA9,Baa2
70410146ESPL 0700122@AA9,Baa2
70410156ESPL 1000122@AA9,Baa2
70410216LUL0 2600122@AA9,Baa2
70410326HLTM 0700122@AA9,Baa2
71307557ESPL 0700122@AA9,Baa2
71307617ESPL 1000122@AA9,Baa2
71307637LUL0 2600122@AA9,Baa2
71307807HLTM 0700122@AA9,Baa2
67937001LTRL 0700184@AA4,A1
67937021NMS0 0700184@AA4,A1
70589572LTRL 0700184@AA4,A1
70589692NMS0 0700184@AA4,A1
68179371LTRL 0700191#AA3,A1
68179611NMS0 0700191#AA3,A1
70901012LTRL 0700191#AA3,A1
70901242NMS0 0700191#AA3,A1
68284771ESPS 1000191@AA5,A1
68284781FMD1 2600191@AA5,A1
71049362ESPS 1000191@AA5,A1
71049402FMD1 2600191@AA5,A1
68456721LEQ0 2600193*AA5,A1
71050972LEQ0 2600193*AA5,A1
68578001LTRL 0700225#AA3,A1
68578111NMS0 0700225#AA3,A1
71193812LTRL 0700225#AA3,A1
71193992NMS0 0700225#AA3,A1
659794914FMD5 0700793@AA7,A1
659795015FMD5 0700793@AA7,A1
659799414LUL0 0700793@AA7,A1
659799515LUL0 0700793@AA7,A1
662015716FMD5 0700793@AA7,A1
662017823LUL0 0700793@AA7,A1
672198717FMD5 0700793@AA7,A1
672198818FMD5 0700793@AA7,A1
672199616LUL0 0700793@AA7,A1
672199717LUL0 0700793@AA7,A1
683942621LUL0 0700793@AA7,A1
683942723FMD5 0700793@AA7,A1
697913122FMD5 0700793@AA7,A1
697913222LUL0 0700793@AA7,A1
698394219FMD5 0700793@AA7,A1
698394329FMD5 0700793@AA7,A1
698394421FMD5 0700793@AA7,A1
698396218LUL0 0700793@AA7,A1
698396329LUL0 0700793@AA7,A1
698396420LUL0 0700793@AA7,A1
710355824FMD5 0700793@AA7,A1
710355925FMD5 0700793@AA7,A1
710356026FMD5 0700793@AA7,A1
710358324LUL0 0700793@AA7,A1
710358425LUL0 0700793@AA7,A1
710358526LUL0 0700793@AA7,A1
712937430FMD5 0700793@AA7,A1
712937531FMD5 0700793@AA7,A1
712938227LUL0 0700793@AA7,A1
712938328LUL0 0700793@AA7,A1
715920332FMD5 0700793@AA7,A1
715920433FMD5 0700793@AA7,A1
715921030LUL0 0700793@AA7,A1
715921131LUL0 0700793@AA7,A1
44235071FMD5 0700802#AA4,Ba2
44235081ESPL 0700802#AA4,Ba2
71334341LUL0 26009098A*5,A1
71334391HLT0 26009098A*5,A1
30302001LUL0 0702343*AC6,Baa2
51910391HHE0 2302401@AA7,Baa3
51910721LTRL 0702401@AA7,Baa3
51911451NMS0 L5 R02401@AA7,Baa3
51911471LTRI 0702401@AA7,Baa3
53095681LEQ0 2602401@AB5,Baa3
19410431LTRM 2603040#AE2,A3
19410851LULX 0703040#AE2,A3
19411011ESPL 0703040#AE2,A3
19760481HHE0 0703040#AE2,A3
19760753ESPL 0703040#AE2,A3
24354272FMD1 0703040#AJ1,A3
24354972LEQ0 1C03040#AJ1,A3
71322581FMD1 0703063#AA2,Baa2
71322571NMS0 0703063#AB0,Baa2
71322611LUL0 2603063#AB0,Baa2
71322651NMS0 L203063#AB0,Baa2
51480501LTR0 26031100L*9,Baa1
51480701NMS0 L2031100L*9,Baa1
51480901LULA 07031100L*9,Baa1
71505121NMS0 10031100N@5,Baa1
71414191NMS0 10031100P*5,Baa1
3579201LULX 07031366BB2,Baa1
3579211ESPL 07031366BB2,Baa1
66207321LTRI 0703980@AB2,Baa2
66206712LUL0 2603980@AC0,Baa2
48503441FMD5 2604317@AG3,Baa3
50253781ESPS 1004317@AL2,Baa3
64036911LULB 0704317@AV0,Baa3
64036921FMD1 0704317@AV0,Baa3
64036931FMD1 2604317@AV0,Baa3
64560121FMD1 0704317@AW8,Baa3
64560141FMD1 2604317@AW8,Baa3
64560151LULB 0704317@AW8,Baa3
60246141ESPS 1004774#AA0,Baa2
60246291HHE0 0704774#AA0,Baa2
60246292LUL0 0704774#AA0,Baa2
61077331ESPS 1004774#AB8,Baa2
61077341LUL0 0704774#AB8,Baa2
52227741HLT0 2605070FB*0,A3
52227761LUL0 1005070FB*0,A3
66168241ESPS 1005279@AA9,A3
67077912ESPS 1005279@AA9,A3
68176943ESPS 1005279@AA9,A3
70297144ESPS 1005279@AA9,A3
71179175ESPS 1005279@AA9,A3
22572561LTRM 2605279#AD1,A3
49441371ESPA 1005279#AF6,A3
49441591ESPS 0705279#AF6,A3
49441321LUL0 0705279#AG4,A3
49441561LUL0 1P05279#AG4,A3
47078552FMD5 26055262B@7,A2
47078572FMD5 07055262B@7,A2
22503181LTRM 2605565ED#9,A2
22503381FMD1 0705565ED#9,A2
22504241LUL0 0705565EE*2,A2
48372871FMD5 2605565EG#6,A2
48371491LEQ0 2605565EG@8,A2
48371492LEQ0 2605565EG@8,A2
65909761ESPS 0705590#AA9,A3
67096502NMS0 1005606#AA1,Baa3
67096511LUL0 0705606#AA1,Baa3
67096522LTRL 0705606#AA1,Baa3
38127482ESPS 07070101E@5,A2
38127483ESPS 07070101E@5,A2
38127484ESPS 07070101E@5,A2
55117831LTR0 26070101G@3,A2
55117961LULT 07070101G@3,A2
68057611ESPL 0707086*AA0,Baa2
68057621ESPL 1007086*AA0,Baa2
68057781NMS0 L207086*AA0,Baa2
68058051NMS0 L607086*AA0,Baa2
61705512LEQ0 2608888@AA6,Baa3
61705513LEQ0 2608888@AA6,Baa3
54297181LTRL 07099514A#8,Baa2
67842211FMD5 0709951*AJ9,Baa2
67842221LEQ0 2609951*AJ9,Baa2
52122471LTR0 0711271#AA3,Baa1
52122491ESPS 1011271#AA3,Baa1
64268921FMD1 2611283*AA3,Baa2
64843271LEQ5 2612117#AA9,Baa2
70006421LULX 0712117#AB7,Baa2
65840171ESPS 1012596@AA1,A2
65840191LTR0 2612596@AA1,A2
44292022ESPS 0712656*AG7,A2
44292023ESPS 0712656*AG7,A2
60906861LUL0 0712656*AL6,A3
21081671LTRM 2612806*AH4,Baa3
21081692LEQ0 0712806*AH4,Baa3
21081701LTR0 0712806*AH4,Baa3
22199071FMD1 2612806*AH4,Baa3
22199293LTR0 0712806*AH4,Baa3
22199652LUL0 0712806*AH4,Baa3
23006832FMD1 2612806*AH4,Baa3
230068410LUL0 0712806*AH4,Baa3
23006863LUL0 0712806*AH4,Baa3
23891993FMD1 2612806*AH4,Baa3
238920611LUL0 0712806*AH4,Baa3
23892282LTR0 0712806*AH4,Baa3
24831024FMD1 2612806*AH4,Baa3
24831044LTR0 0712806*AH4,Baa3
24831201HHE0 0712806*AH4,Baa3
25744855FMD1 2612806*AH4,Baa3
25745052HHE0 0712806*AH4,Baa3
25745061LEQ0 0712806*AH4,Baa3
26715376FMD1 2612806*AH4,Baa3
26715413LEQ0 0712806*AH4,Baa3
26715437LUL0 0712806*AH4,Baa3
47711131HLT0 2613466*AA8,Baa2
3593901LUL0 07141781F@8,A2
3593911LULY 07141781G#5,A2
45292311ESPA 10151895B#5,Baa2
45292811NMS0 26151895B#5,Baa2
54563312FMD1 07151895C@6,Baa2
45293731FMD1 07151895C*8,Baa2
45293741LTRL 07151895C*8,Baa2
60246131ESPS 10151895D@5,Baa2
60246281LUL0 07151895D@5,Baa2
53059292FMD1 0715678#AH8,A2
53059293FMD1 0715678#AH8,A2
53059302FMD1 1015678#AH8,A2
53059303FMD1 1015678#AH8,A2
53059304FMD1 1015678#AH8,A2
53059362FMD1 2615678#AH8,A2
53059363FMD1 2615678#AH8,A2
53059364FMD1 2615678#AH8,A2
53059365FMD1 2615678#AH8,A2
53059534FMD1 0715678#AH8,A2
53063431LUL0 1015678#AJ4,A2
53064261LULT 0715678#AJ4,A2
17861891FMD1D0715769#AJ4,Baa2
17861901FMD1 0715769#AK1,Baa2
17861911FMD1 0715769#AL9,Baa2
48385691LUL0 1P18055#AM4,A3
48385661NMS0 1C18055#AN2,A3
48385671FMD5 1C18055#AN2,A3
45479191LTRL 0719238VB@3,Baa3
51355201FMD1 07196801A@3,Baa2
51356161LUL0 1P196801A@3,Baa2
60670501ESPS 10200447A*1,Baa1
60670831LEQ0 1C200447A*1,Baa1
60670911LEQ0 26200447A*1,Baa1
60670921LUL0 1P200447A*1,Baa1
60670951ESPS 07200447A*1,Baa1
60671711HLT0 26200447A*1,Baa1
69810811ESPL 07200447A@9,Baa1
69812791HHE0 07200447A@9,Baa1
69812801HLT0 26200447A@9,Baa1
71213671ESPL 0720557#AG6,Baa2
71214861HHE0 2620557#AG6,Baa2
71214871LTR0 2620557#AG6,Baa2
5283632LEQ0 26209115A*5,A3
5283754LTRM 26209115A*5,A3
5861325LUL0 26209115A*5,A3
5861383LTRM 26209115A*5,A3
5861385LTRM 26209115A*5,A3
6617966LUL0 26209115A*5,A3
6617972LTRM 26209115A*5,A3
7140091LEQ0 26209115A*5,A3
7140101LTRM 26209115A*5,A3
47651771LUL0 0721017#AA1,Baa3
46775122ESPS 1022357@AA9,Baa2
46775123ESPS 1022357@AA9,Baa2
46775124ESPS 1022357@AA9,Baa2
46775141FMD5 0722357@AA9,Baa2
43132951LTR0 0722536#AA1,Baa2
43132961ESPS 1022536#AA1,Baa2
47353871HLT0 2622959#AA9,Baa1
64938841FMD1 0722964*AC2,Baa2
64938861LTR0 2622964*AC2,Baa2
43920111LEQ0 2623157#AF6,Baa2
43920112LEQ0 2623157#AF6,Baa2
43920113LEQ0 2623157#AF6,Baa2
43920121LUL0 1023157#AF6,Baa2
43944741LUL0 1P23157#AF6,Baa2
43919661ESPS 1023157#AG4,Baa2
21505881LTRM 2623346@AB9,Baa1
21505961LULY 0723346@AB9,Baa1
21505971LTRI 0723346@AB9,Baa1
21506041LUL0 0723346@AB9,Baa1
52139181FMD1 0724617#AA9,Baa2
52139191FMD5 2624617#AA9,Baa2
52139201FMD5 0724617#AA9,Baa2
25395661HLT0 2624715@AA2,A1
25395671LTRM 2624715@AA2,A1
25395782FMD1 0724715@AA2,A1
25395982FMD5 0724715@AA2,A1
25396152ESPL 0724715@AA2,A1
25396712LEQ0 1C24715@AA2,A1
38340481FMD1 0724715@AJ3,A1
38340561HLT0 2624715@AJ3,A1
53268501LUL0 1P26860#AA8,Baa2
53269151LTRL 0726860#AA8,Baa2
38363401FMD1 07278865C*9,A3
50989191LEQ0 2629252BAA7,A3
50989201LULA 0729252BAA7,A3
50989202LULA 0729252BAA7,A3
50989203LUL0 0729252BAA7,A3
50989205LUL0 0729252BAA7,A3
50989211NMS0 L229252BAA7,A3
40507241HHE0 07292766A#9,Baa3
40507301FMD1 26292766A#9,Baa3
40507591LUL0 1P292766A#9,Baa3
40507601ESPS 07292766A#9,Baa3
70017291ESPS 1030225VA@6,Baa2
70018001LEQ5 2630225VA@6,Baa2
64767851FMD1 0730225VA*8,Baa2
64767901FMD1 2630225VA*8,Baa2
64768351LEQ5 2630225VA*8,Baa2
61427081ESPS 1030288*AA8,Baa2
61427101LEQ0 2630288*AA8,Baa2
40016081LUL0 07318069B*1,Baa1
3621001LUL0 0733632*TW7,Baa1
3621012FMD1 0733632*TW7,Baa1
31510501ESPS 07344868AA2,A2
31510701LULI 07344868AA2,A2
31511381FMD1 07344868AA2,A2
51788221HHE0 2634487#AB3,A2
51788881NMS0 L5 R34487#AB3,A2
51788231HLT0 2634487#AD9,A2
42440661LULI 0734488@AA6,A2
42440671LTRL 0734488@AA6,A2
70298391FMD1 0734489*AC3,A2
70298451LEQ0 1C34489*AD1,A2
70298481ESPS 0734489*AD1,A2
70298751LEQ0 0734489*AD1,A2
70298721LULT 0734489*AE9,A2
70298731LTRI 0734489*AE9,A2
15033611LTRM 2636720#AD1,A3
15033622LUL0 0736720#AD1,A3
15033623LUL0 0736720#AD1,A3
3749061LUL0 0738121@AA0,A2
3749071ESPL 0738121@AA0,A2
10883141HLT0 2639278*AA1,Ba2
10883155FMD1 0739278*AA1,Ba2
10883163FMD1 0739278*AA1,Ba2
10883171ESPL 0739278*AA1,Ba2
63079211LULB 0740465@AC6,Baa2
69937211FMD1 0740465@AE2,Baa2
69937221NMS0 2340465@AE2,Baa2
69937971LULT 0740465@AE2,Baa2
70186321FMD1 0740465@AF9,Baa2
70186611ESPL 1040465@AF9,Baa2
45226011ESPS 0741242*AR3,A3
45225992LUL0 1041242*AS1,A3
45225993LUL0 1041242*AS1,A3
45225994LUL0 1041242*AS1,A3
45225995LUL0 1041242*AS1,A3
45225996LUL0 1041242*AS1,A3
45225997LUL0 1041242*AS1,A3
45225998LUL0 1041242*AS1,A3
45225999LUL0 1041242*AS1,A3
45225471HHE0 0741242*AT9,A3
53917981FMD1 0741242*AX0,A3
53918161ESPL 1041242*AY8,A3
57974961ESPS 1041242*BC5,A3
57974971ESPS 1041242*BD3,A3
70826201NMS0 1041242*BK7,A3
70826221HHE0 0741242*BK7,A3
70772541NMS0 1041242*BM3,A3
70772551ESPL 0741242*BM3,A3
70775011LULT 0741242*BM3,A3
70775191LEQ0 2641242*BM3,A3
70775201LTR0 2641242*BM3,A3
70826231LTR0 2641242*BN1,A3
70826241HLT0 2641242*BN1,A3
43090931HHE0 0742210#AA2,A2
43090941ESPS 1042210#AA2,A2
43091201ESPS 0742210#AA2,A2
43983115LTR0 0742210#AA2,A2
43983122ESPS 1042210#AA2,A2
43984172ESPS 0742210#AA2,A2
45133093LTR0 0742210#AA2,A2
45133123ESPS 1042210#AA2,A2
45133213ESPS 0742210#AA2,A2
46312024LTR0 0742210#AA2,A2
46312054ESPS 1042210#AA2,A2
46312184ESPS 0742210#AA2,A2
3689922FMD1 0742210*BC1,A3
4487632ESPL 0742210*BH0,A3
4487633ESPL 0742210*BH0,A3
4487634ESPL 0742210*BH0,A3
46179524NMS0 1042212#AA0,A2
46179691LUL0 0742212#AA0,A2
47844825NMS0 1042212#AA0,A2
47845193LUL0 0742212#AA0,A2
49536176NMS0 1042212#AA0,A2
49536364LUL0 0742212#AA0,A2
13002251LEQ0 2642251#AB0,A2
13002271LEQ0 2642251#AC8,A3
17727481ESPL 0742251#AH7,A3
58377231FMD5 0742251#BC7,A3
58377391HLTB 2642251#BC7,A3
58377381HLTB 2642251#BD5,A3
32732571ESPS 1044569*BL4,B1
32732541LTRI 0744569*BM2,B1
32732633FMD5 0744569*BM2,B1
32732634FMD5 0744569*BM2,B1
52112851HHE0 2344569*BP5,B1
52112861LTR0 0744569*BP5,B1
52113031ESPS 0744569*BP5,B1
57362891ESPS 1044929@AK0,A3
65512351LTRL 07450636B#1,Baa2
65512531LULT 07450636B#1,Baa2
65512591LTRI 07450636B#1,Baa2
65512041FMD1 07450636B*5,Baa2
65512231LUL1 07450636B*5,Baa2
58492731ESPS 1045662NA#0,Baa2
58492851ESPL 1045662NA#0,Baa2
58492881ESPS 0745662NA#0,Baa2
58492751HLTB 2645662NA@2,Baa2
58492752HLTB 2645662NA@2,Baa2
58492763HLTB 2645662NA@2,Baa2
58492764HLTB 2645662NA@2,Baa2
58492861LEQ0 2645662NA*4,Baa2
50052571ESPS 1046361*AC0,A1
50052821NMS0 2646361*AC0,A1
41436841HLT0 2646361*AD8,A1
41436861ESPS 0746361*AD8,A1
41436871LTRI 0746361*AD8,A1
59762401ESPS 10466313A@2,Ba1
59763241LEQ0 26466313A@2,Ba1
68176971FMD5 10469814A@6,Baa2
68177621HLT3 26469814A@6,Baa2
68177631HLT4 26469814A@6,Baa2
68176952ESPS 10469814A*8,Baa2
68176962NMS0 23469814A*8,Baa2
68177062ESPL 10469814A*8,Baa2
68177272LTRL 07469814A*8,Baa2
40297261HLT0 2648121@AA9,Baa3
40296091ESPS 1048121@AB7,Baa3
40296111FMD1 2648121@AB7,Baa3
40297271HLT0 2648121@AB7,Baa3
49146821ESPS 1048121@AC5,Baa3
49146901ESPS 0748121@AD3,Baa3
43017051ESPS 10497266A#3,Baa2
43954862ESPS 10497266A#3,Baa2
43017581LUL0 1P497266B*6,Baa2
43957222LUL0 1P497266B*6,Baa2
587701HHE0 2652465#AA3,Ba2
3703931LULX 0752465#AC9,Ba2
3703941FMD1 0752465#AC9,Ba2
3703951LEQ0 1052465#AC9,Ba2
60102041FMD1 0755335@AA6,A3
59528021HHE0 0755335@AB4,A3
60102182HHE0 0755335@AB4,A3
63294861FMD1 0755335@AD0,A3
63294881FMD1 0755335@AE8,A3
63294871LULB 0755335@AF5,A3
54968161HHE0 23553799AE7,A3
54968171ESPS 07553799AE7,A3
54968181HHE0 07553799AE7,A3
62414891LUL0 0756081#BH2,A2
62414901ESPS 0756081#BH2,A2
66204761LUL1 0756081#BL3,A2
68513531LUL0 1P56081#BP4,A2
3708211LULX 07564759L*7,Baa1
25911631LTRM 2657169*AM9,A2
25911781HLT0 2657169*AM9,A2
25911931ESPS 0757169*AM9,A2
25912561LTR0 2657169*AM9,A2
25912591ESPS 1057169*AM9,A2
42318431ESPS 1057169*AR8,A2
42319472LTRL 0757169*AT4,A2
60651741ESPS 0757169*BA4,A2
60633681LUL0 1P57169*BB2,A2
60651731LUL0 0757169*BC0,A2
62942671LUL5 2657169*BF3,A2
62938821FMD1 0757169*BH9,A2
62939011ESPS 0757169*BH9,A2
62939231NMS0 L257169*BH9,A2
62939431LULT 0757169*BH9,A2
62938831ESPS 1057169*BL0,A2
62938851ESPA 1057169*BL0,A2
62942651ESPL 0757169*BM8,A2
62942662HLT0 2657169*BM8,A2
62942681HLT0 2657169*BM8,A2
9682771DFP9 2657169*BS5,A2
3711071LUL0 0758528#EB9,A3
3711081LUL0 0758528#EC7,A3
1956421FMD1D0758528#EE3,A3
2123791FMD1D0758528#EJ2,A3
2123891FMD1D0758528#EN3,A3
61366591ESPS 1060040*AC0,Baa1
61366681ESPS 0760040*AC0,Baa1
61367121LTR0 2660040*AC0,Baa1
61366651ESPL 1060040*AD8,Baa1
61366671LUL0 0760040*AD8,Baa1
61366811FMDL 0760040*AD8,Baa1
61367031FMDL 2660040*AD8,Baa1
61367111LTR0 0760040*AD8,Baa1
61367112ESPL 1060040*AD8,Baa1
46277221LTR0 07607120EZ1,A2
46277241ESPS 10607120EZ1,A2
23117241HLT0 2661744@AK7,Baa2
23117252HLT0 2661744@AK7,Baa2
47693091FMD5 0762927#AA4,A1
47693101FMD5 2662927#AC0,A1
47693111FMD5 0762927#AC0,A1
55771081FMD1 1062927#AF3,A1
55771091FMD1 1062927#AH9,A1
55771111LUL0 0762927#AH9,A1
55771171LEQ0 2662927#AH9,A1
55771101LUL0 0762927#AJ5,A1
55771121NMS0 2362927#AJ5,A1
55771231NMS0 1C62927#AJ5,A1
70882801HHE0 0762927#AL0,A1
70882381LUL0 2662927#AP1,A1
23554251LULX 0763615#AD3,A1
24054251ESPS 0763615#AG6,A1
64631881LEQ5 2663636#AB2,Baa1
22636202FMD1 0765605*AC6,A1
22636501FMD1 0765605*AC6,A1
22636683LUL0 0765605*AC6,A1
22636961LUL0 0765605*AC6,A1
22637022LUL0 0765605*AC6,A1
67529891NMS0 0767105@AF8,Baa3
67529901FMD1 0767105@AF8,Baa3
67530071ESPL 1067105@AF8,Baa3
67530661LTR0 0767105@AF8,Baa3
24950471HLTM 0768278#AC2,C
24950851NMS0 2668278#AC2,C
55267591FMD1 1068715#AA7,Baa2
55267651FMD1 0768715#AA7,Baa2
55267581FMD1 0768715#AB5,Baa2
23291422LTRM 26698525AA0,Ba2
23292842ESPV 10698525AA0,Ba2
3762451LULX 0770086#AA4,Baa3
3762461ESPL 0770086#AA4,Baa3
53748731ESPS 1070342@AG3,Baa3
3726572ESPL 07708653AA8,A2
46202661FMD5 2674170*AC3,A2
46202691FMD5 0774170*AC3,A2
46202731FMD5 1C74170*AC3,A2
50704351FMD5 0774170*AE9,A2
57362761LTR1 0774170*AJ8,A2
65455401LUL1 0774170*AR0,A2
71119151FMD5 0774170*AV1,A2
71119211LEQ0 1C74170*AV1,A2
71119451LEQ0 1074170*AV1,A2
71119461LEQ0 2674170*AV1,A2
49376291ESPS 0774264*AA4,A3
49375841FMD5 0774264*AB2,A3
58403481HLTB 2674264*AC0,A3
59162711NMS0 L274264*AC0,A3
58403441ESPS 1074264*AD8,A3
58403681ESPS 0774264*AD8,A3
59162422ESPS 1074264*AD8,A3
59162742ESPS 0774264*AD8,A3
43829391HLT0 2674273@AB9,Baa1
57871861LTRL 0774275@AB7,Baa2
57872461LTRL 0774275@AC5,Baa2
70226481FMD1 0774338*AA6,A1
70226491NMS0 L274338*AA6,A1
70226501LTRI 0774338*AA6,A1
71443542FMD1 0774338*AA6,A1
71443992NMS0 L274338*AA6,A1
71444482LTRI 0774338*AA6,A1
71070031NMS0 1074351@AA6,A1
71070061ESPL 0774351@AA6,A1
71070241NMS0 L274351@AA6,A1
47078982LTRL 0774986@AM3,A3
70409011NMS0 0774986@AX9,A3
70958211LEQ0 2674986@AZ4,A3
70957941LTRI 0774986@BA8,A3
3736933FMD1 0775915#AA0,Baa3
66226611NMS0 1P76132FA@6,Baa3
66226621LUL1 0776132FA@6,Baa3
66226691ESPS 1076132FA@6,Baa3
71414751HHE0 1076169#AL7,Baa2
71414761HHE0 2676169#AL7,Baa2
60385771NMS0 2678467KC#2,A3
60385781NMS0 1078467KC#2,A3
55144431FMD1 1078488@AA3,A3
55144451LUL0 0778488@AA3,A3
55144491HHE0 1078488@AA3,A3
55144631NMS0 1C78488@AA3,A3
55593531LTR0 2678488@AB1,A3
55593581NMS0 2378488@AB1,A3
70297111FMD1 0778488@AG0,A3
70298191HHE0 0778488@AG0,A3
70298201LEQ0 1078488@AJ4,A3
3740581LUL0 0779781*AG4,A3
3740591ESPL 0779781*AG4,A3
3740601LULA 0779781*AH2,A3
3740612LULA 0779781*AH2,A3
18793931LULX 0780689*AL4,Ba3
18793941LTR0 2680689*AL4,Ba3
18793951LTR0 0780689*AL4,Ba3
18794091FMD5 0780689*AL4,Ba3
56976201LEQ5 2682011@AC7,A3
48530681LEQ0 2683379#AB1,Baa1
48530571FMD1 0783379#AC9,Baa1
48530691LUL0 0783379#AC9,Baa1
48530711HHE0 1083379#AC9,Baa1
69739411LTRL 07838518E#1,Baa2
69739141FMD1 07838518E@3,Baa2
49309141ESPS 1084611#AE1,Baa2
49309181HLT0 2684611#AE1,Baa2
59839471ESPS 1084611#AF8,Baa2
48424411FMD5 26848609AA1,Baa3
48424852LEQ0 26848609AA1,Baa3
48424861LEQ0 26848609AA1,Baa3
48424881LUL0 1P848609AA1,Baa3
48425641LTRL 07848609AA1,Baa3
45363421FMD5 2685234#AB1,Baa3
62030241ESPS 0786801FA@5,Baa3
62030091ESPS 1086801FA*7,Baa3
62030221LUL0 0786801FA*7,Baa3
33283631FMD1 07879360A#2,Baa1
41414781ESPA 1088553#AA0,Aa3
41414791LUL0 0788553#AA0,Aa3
30247331FMD1 0789407#AF5,Baa2
30247341ESPL 0789407#AF5,Baa2
30248121FMD1 0789407#AG3,Baa2
30248171LUL0 0789407#AG3,Baa2
51910571HLT0 2689566EA#5,A2
51910711NMS0 L289566EA#5,A2
51910402FMDL 0789566EB@6,A2
51910403FMDL 0789566EB@6,A2
51190611FMD5 0790363@AB6,A3
51190781LTR0 0790363@AB6,A3
61782131LEQ0 2690964*AG0,Baa3
61782132LEQ0 2690964*AG0,Baa3
54504791FMD1 0791845#AA2,Baa1
54504821LTR0 0791845#AA2,Baa1
60179591ESPS 1091854*AA4,Baa1
60179741LUL0 1P91854*AA4,Baa1
51019612LUL0 1P92783#AA4,A3
51019621LUL0 1P92783#AA4,A3
51019801LULT 0792783#AA4,A3
52569541LUL0 0797314@AA3,A3
52572241LUL0 1P97314@AA3,A3
55802121FMD1 0797786#AK8,Baa1
55802151NMS0 2697786#AK8,Baa1
55802221ESPS 1097786#AK8,Baa1
55802261HLT0 2697786#AK8,Baa1
55802171FMD5 2697786#AL6,Baa1
55802202FMD5 0797786#AL6,Baa1
55802203FMD5 0797786#AL6,Baa1
55802241FMD5 1C97786#AL6,Baa1
65964721NMS0 2397786#AN2,Baa1
65968211LULT 0797786#AN2,Baa1
39338121HLT0 26C2617@AC0,Baa2
39338141HHE0 07C2617@AC0,Baa2
39338343LUL0 07C2617@AC0,Baa2
39339804LUL0 07C2617@AC0,Baa2
46381781ESPA 10C4861*AE7,Baa2
46042341ESPS 10C4861*AJ6,Baa2
46042841LTR0 10C4861*AJ6,Baa2
46042331FMD5 26C4861*AL1,Baa2
46042451FMD5 07C4861*AL1,Baa2
46042581FMD5 1CC4861*AL1,Baa2
71030851HHE0 07C4861*AN7,Baa3
71030051FMD1 07C4861*AP2,Baa3
71030201LUL0 26C4861*AQ0,Baa3
49247931ESPA 10D2736#AM1,Baa3
49248161LUL0 07D2736#AN9,Baa3
16777001LTR0 26D8308*AC2,Baa1
47168831HHE0 07F3166#AE4,A2
58740781HLTB 26G0369@AW6,A3
45477152ESPS 10G0566*AA7,Baa2
45477153ESPS 10G0566*AA7,Baa2
45477611FMD1 07G0566*AA7,Baa2
45477691LEQ0 26G0566*AA7,Baa2
19933561LUL0 07G1591#AF9,Baa2
19933572FMD5 07G1591#AF9,Baa2
19933581HHE0 26G1591#AF9,Baa2
19933592ESPL 07G1591#AF9,Baa2
68404362LUL0 26G1591#BD3,Baa2
68404352LUL0 26G1591#BF8,Baa2
49756701ESPL 07G1696#BD7,Baa1
51248131LEQ0 10G1696#BE5,Baa1
67420001FMD1 07G1737@AA7,Baa2
67420021NMS0 10G1737@AB5,Baa2
67420121LUL0 07G1737@AB5,Baa2
67425712NMS0 10G1737@AC3,Baa2
67425722LUL0 07G1737@AC3,Baa2
25236181LTRM 26G1744#AH1,A2
25236242HLT0 26G1744#AH1,A2
25236401HLT0 26G1744#AH1,A2
44589721FMD5 26G1745*AA9,Baa2
44590022ESPS 07G1745*AA9,Baa2
44590023ESPS 07G1745*AA9,Baa2
61279281ESPS 07G1745*AS0,Baa2
61279271LTR0 07G1745*AT8,Baa2
52988181ESPS 10G1846@AV9,Ba2
46608641ESPA 10G2044@AZ8,A3
46608651LULX 07G2044@AZ8,A3
46608871NMS0 26G2044@AZ8,A3
46608881ESPS 10G2044@AZ8,A3
46528161NMS0 10G2044@BA2,A3
46528281NMS0 1CG2044@BA2,A3
64847211FMD1 07G2479@AF6,Baa2
64847291LUL0 10G2479@AF6,Baa2
64847311ESPS 07G2479@AF6,Baa2
64847301LUL0 10G2479@AK5,Baa2
49815511ESPS 07G2616#AC5,Baa2
49815251LUL0 07G2616#AF8,Baa2
65047031FMD1 26G2616#AM3,Baa2
65047081LTR0 10G2616#AM3,Baa2
48412721LTR0 10G2956@AE1,Baa2
50565001FMD1 07G2956@AJ0,Baa2
50565081FMD5 1CG2956@AJ0,Baa2
50565131ESPS 07G2956@AJ0,Baa2
50564991FMD1 07G2956@AL5,Baa2
50565141LTRI 07G2956@AL5,Baa2
11876711HLT0 26G2978#AE3,A3
25041211LEQ0 26G3424#AF8,Baa3
25041701LEQ0 1CG3424#AF8,Baa3
25041711ESPS 10G3424#AF8,Baa3
20035041LTRM 26G4146*AC4,Baa3
20035401LUL0 07G4146*AC4,Baa3
30692231ESPS 07G5241#AF4,Baa2
30695691LUL0 07G5241#AF4,Baa2
59642881LULB 07G5963#AH6,Baa2
65948701ESPL 07G6076#AA3,Baa2
65948991LTR0 26G6076#AA3,Baa2
65948981LTR0 26G6076#AB1,Baa2
47078991LTRL 07G7332#AB9,Baa2
42701611ESPS 10G7815@AF8,A2
46312161FMD1 07G7815@AF8,A2
42701601ESPS 10G7815@AG6,A2
42701591FMD5 26G7815@AH4,A2
42701641FMD5 07G7815@AH4,A2
42701861FMD5 1CG7815@AH4,A2
70869781ESPS 07G7996#AE0,A3
70870571LEQ0 26G7996#AE0,A3
52184531ESPS 10G8228*AG7,A3
52184541ESPA 10G8228*AG7,A3
52184561HHE0 10G8228*AG7,A3
52184521ESPS 10G8228*AK8,A3
52184551HLT0 26G8228*AK8,A3
45477191LUL0 07G9284#BC0,Baa2
45477671HHE0 26G9284#BC0,Baa2
45477112FMD1 07G9284#BD8,Baa2
45477161FMD5 26G9284#BD8,Baa2
45477681LEQ0 26G9284#BD8,Baa2
39428611FMD1 26G9523#AF5,Baa3
46198171ESPS 10K3752#AG3,Baa2
46201481LTRL 07K3752#AG3,Baa2
61661461ESPS 10L0175#AC6,Baa2
61661681LUL0 26L0175#AC6,Baa2
61661471ESPS 10L0175#AD4,Baa2
61661691LEQ0 26L0175#AD4,Baa2
20260631ESPL 07N2962#AC7,A2
20260792ESPL 10N2962#AC7,A2
20260421LEQ0 26N2962#AD5,A2
20260942ESPL 07N2962#AD5,A2
20261005LUL0 10N2962#AD5,A2
20261162LUL0 07N2962#AD5,A2
20261072LUL0 07N2962#AE3,A2
20261261ESPL 07N2962#AE3,A2
42841881FMD1 10N4281@BS3,Baa2
42841891ESPS 10N4281@BS3,Baa2
42841931LUL0 07N4281@BS3,Baa2
42842121LUL0 1PN4281@BS3,Baa2
42842211LTRL 07N4281@BS3,Baa2
41765281LUL0 1PN4282*AF3,Baa1
66108401FMD1 26N4282*AF3,Baa1
21803722FMD1D07N5224#AG5,Baa3
16096561LTRM 26N7338@AC5,A3
16096571LTRM 26N7338@AD3,A3
67719271NMS0 07N7591#AA9,Baa2
67719801HHE0 07N7591#AA9,Baa2
67719831LTR0 07N7591#AA9,Baa2
52461821LEQ0 26N7891*AB8,Baa1
52461822LEQ0 26N7891*AB8,Baa1
71010311FMD1 07N7891*AF9,Baa1
71010861LTR0 26N7891*AF9,Baa1
57136161FMD1 10N9061@AA8,Baa2
57136361LUL1 07N9061@AB6,Baa2
66168572FMD1 07N9061@AF7,Baa2
66168601LUL0 1PN9061@AG5,Baa2
59542091FMD1 10P2604*AA7,Ba1
59542101ESPS 10P2604*AA7,Ba1
59542241LEQ0 26P2604*AA7,Ba1
59543111LULT 07P2604*AA7,Ba1
59567111LUL0 1PP2604*AA7,Ba1
70639301ESPL 07P3596@AA3,Baa2
70639791HLT0 26P3596@AA3,Baa2
65203201FMD1 07P4000*AA3,Baa3
65203211LTR0 26P4000*AA3,Baa3
68226851FMD1 07P4001#AA8,Baa3
68227461LTR0 07P4001#AA8,Baa3
70410133FMD1 07P4001#AA8,Baa3
70410373LTR0 07P4001#AA8,Baa3
71291314FMD1 07P4001#AA8,Baa3
71291724LTR0 07P4001#AA8,Baa3
19891331HLT0 26P7906#AA7,Baa3
19891339LULX 07P7906#AA7,Baa3
19891391LULX 07P7906#AA7,Baa3
19891621ESPL 07P7906#AA7,Baa3
21095522HLT0 26P7906#AA7,Baa3
21095561LTR0 07P7906#AA7,Baa3
21095843ESPL 07P7906#AA7,Baa3
21914062LULX 07P7906#AA7,Baa3
21914074ESPL 07P7906#AA7,Baa3
21914083HLT0 26P7906#AA7,Baa3
23022308LULX 07P7906#AA7,Baa3
23022313LULX 07P7906#AA7,Baa3
23022326ESPL 07P7906#AA7,Baa3
23933344LULX 07P7906#AA7,Baa3
23933395LULX 07P7906#AA7,Baa3
23933437ESPL 07P7906#AA7,Baa3
23933448ESPL 07P7906#AA7,Baa3
23933464HLT0 26P7906#AA7,Baa3
23933475HLT0 26P7906#AA7,Baa3
25485179ESPL 07P7906#AA7,Baa3
25485186HLT0 26P7906#AA7,Baa3
25485196LULX 07P7906#AA7,Baa3
27468877HLT0 26P7906#AA7,Baa3
274743810ESPL 07P7906#AA7,Baa3
27474397LULX 07P7906#AA7,Baa3
55217241LTR0 07Q0458*AD1,Baa1
55217261FMD5 26Q0458*AD1,Baa1
55217282FMD5 07Q0458*AD1,Baa1
55217283FMD5 07Q0458*AD1,Baa1
55217284FMD5 07Q0458*AD1,Baa1
55217291ESPS 07Q0458*AD1,Baa1
55217541NMS0 L2Q0458*AD1,Baa1
55217661LULT 07Q0458*AD1,Baa1
64913371LUL1 07Q0697#AA4,Baa1
37581661FMD1 26Q0832*AB2,A3
37581661LEQ0 26Q0832*AB2,A3
65358001LUL1 07Q1297#AK4,A3
70665391FMD1 07Q1298@AA7,Baa2
70666171LUL0 1PQ1298@AB5,Baa2
70666921HLT0 26Q1298@AB5,Baa2
35863531HLTB 26Q1629#AA5,Baa2
41679291LTR0 07Q1629#AE7,Baa2
41679471LUL0 1PQ1629#AE7,Baa2
52362861LUL0 07Q1629#AJ6,Baa2
52362631FMD1 07Q1629#AK3,Baa2
52362681FMD5 1CQ1629#AK3,Baa2
52362871HHE0 07Q1629#AK3,Baa2
44292031ESPS 07Q1842#AA6,Baa2
44290931FMD5 26Q1842#AB4,Baa2
44292041ESPS 07Q1842#AB4,Baa2
44292051ESPS 07Q1842#AC2,Baa2
44290951FMD1 07Q1842#AE8,Baa2
46540831LUL0 07Q2107#AG1,Baa2
46541491ESPS 07Q2107#AH9,Baa2
38107991LTR0 10Q2172#AJ5,Ba2
38108021ESPS 10Q2172#AJ5,Ba2
54894171FMD1 07Q2759@AA7,Baa3
54894191HLT0 26Q2759@AA7,Baa3
54894211NMS0 23Q2759@AA7,Baa3
68236821ESPS 10Q3080#AA3,A2
68237121LEQ0 26Q3080#AA3,A2
68237131LEQ0 26Q3080#AC9,A2
45675661LTR0 10Q3189*AB5,A3
45675291FMD5 26Q3189*AC3,A3
45675331FMD5 07Q3189*AC3,A3
45675351LUL0 07Q3189*AC3,A3
45675441FMD5 1CQ3189*AC3,A3
45675451ESPL 10Q3189*AC3,A3
45675671LUL0 1PQ3189*AC3,A3
65976271LTR0 26Q3189*AL3,A3
65976281LUL0 10Q3189*AL3,A3
44937872ESPS 10Q3393*AH4,Baa1
44937873ESPS 10Q3393*AH4,Baa1
51258991ESPS 10Q3629#AG8,A3
54805221ESPS 07Q3629#AJ2,A3
60132691HLT0 26Q3629#AM5,A3
60132621ESPS 07Q3629#AN3,A3
22126721FMD1 07Q3915#AB2,Ba1
59828421LULB 07Q3915*AC4,Ba1
51329281FMD5 26Q3917#AB0,Baa2
51329491LTR0 07Q3917#AB0,Baa2
41344511LUL0 07Q3946*AE3,Baa3
41343821ESPS 10Q3946*AF0,Baa3
38655671LUL0 07Q3958@AA4,Baa1
38655651FMD1 07Q3958@AC0,Baa1
45363411FMD5 26Q3971@AA7,A2
45363431ESPS 10Q3971@AA7,A2
45364101LUL0 1PQ3971@AA7,A2
45364091LUL0 1PQ3971@AB5,A2
57105461LTR1 07Q3972@AA6,Baa2
61685781LUL0 1PQ5000*AA9,A3
61685791ESPS 07Q5000*AA9,A3
70741271ESPS 10Q5664#AB0,Baa2
70741311ESPL 07Q5664#AB0,Baa2
70741241FMD1 07Q5664#AC8,Baa2
70741601LEQ0 26Q5664#AC8,Baa2
47713311LUL0 07Q6235#AE2,Baa1
47713832LEQ0 26Q6235#AE2,Baa1
47713833LEQ0 26Q6235#AE2,Baa1
47713851LEQ0 26Q6235#AE2,Baa1
60585621NMS0 23Q6235#AN2,Baa1
60585771NMS0 1PQ6235#AN2,Baa1
60586141LTRL 07Q6235#AN2,Baa1
60586391LULT 07Q6235#AN2,Baa1
53373101LULA 07Q6291#AA1,Aa1
53373102LUL0 07Q6291#AA1,Aa1
53373104LUL0 07Q6291#AA1,Aa1
53373105LUL0 07Q6291#AA1,Aa1
53373106LUL0 07Q6291#AA1,Aa1
62030101ESPS 10Q6291#AC7,Aa1
62030231LUL0 1PQ6291#AC7,Aa1
60529701LUL0 1PQ6518@AA0,Baa2
60530401HLT0 26Q6518@AA0,Baa2
54198271ESPS 10Q6518#AA8,Baa2
54198251FMD1 07Q6518#AB6,Baa2
54198261ESPS 10Q6518#AB6,Baa2
60529591ESPS 10Q6518@AC6,Baa2
57555431LTR1 07Q6518#AD2,Baa2
65477191LUL1 07Q6518@AE2,Baa2
65477571LEQ5 26Q6518@AE2,Baa2
65477582LEQ5 26Q6518@AE2,Baa2
69972621LTRL 07Q6518#AF7,Baa2
69973371NMS0 07Q6518#AF7,Baa2
67797311NMS0 07Q6518#AG5,Baa2
67078031LUL0 10Q6568@AA9,Baa1
67078391LUL1 07Q6568@AA9,Baa1
67078402LUL1 07Q6568@AA9,Baa1
67078131NMS0 L2Q6568@AC5,Baa1
67078141LTRL 07Q6568@AC5,Baa1
67078281LULT 07Q6568@AC5,Baa1
67078291NMS0 L6Q6568@AC5,Baa1
55974481LEQ0 26Q6646*AA7,Baa2
52583561ESPS 10Q6993#AC8,A1
52583571FMD5 07Q6993#AC8,A1
52583771HLT0 26Q6993#AC8,A1
46528132ESPS 10Q7160#AJ8,Baa2
46528133ESPS 10Q7160#AJ8,Baa2
46528851LUL0 10Q7160#AJ8,Baa2
46528521FMD1 07Q7160#AK5,Baa2
46530101LTRL 07Q7160#AK5,Baa2
63389751LULB 07Q7160#AL3,Baa2
55217251LTR0 07Q7397#AS3,Baa2
55217271ESPS 10Q7397#AS3,Baa2
55168201ESPS 07Q7450@AE0,Baa2
55168131FMD1 07Q7450@AF7,Baa2
55168141FMD1 10Q7450@AF7,Baa2
55168151FMD5 07Q7450@AF7,Baa2
55168161ESPL 10Q7450@AF7,Baa2
41679671ESPL 07Q7794#AC7,Baa2
41680331LUL0 1PQ7794#AC7,Baa2
41680641ESPS 07Q7794#AC7,Baa2
9545481ESPS 10Q8277*AJ0,Baa3
9545491FMD1 07Q8277*AJ0,Baa3
21524911LUL0 07Q8277*AL5,Baa3
21525051LEQ0 10Q8277*AL5,Baa3
21524771LEQ0 26Q8277*AM3,Baa3
21524781FMD1 07Q8277*AM3,Baa3
68532391FMD5 07Q8806#AB3,Baa3
68532511ESPL 10Q8806#AB3,Baa3
68537451NMS0 L2Q8806#AB3,Baa3
68539721LEQ0 26Q8806#AC1,Baa3
68539761LTR0 07Q8806#AC1,Baa3
68532341LTR0 26Q8806#AD9,Baa3
56049491HLT0 26Q9194*AB5,Baa2
56049611ESPS 07Q9194*AB5,Baa2
56049941ESPL 10Q9194*AB5,Baa2
56049501HLT0 26Q9194*AC3,Baa2
56049511LTR0 07Q9194*AC3,Baa2
13765971DFP1 26Q9194#AC9,Baa1
13765981HLT0 26Q9194#AC9,Baa1
13765991ESPL 07Q9194#AC9,Baa1
15546871FMD1 07Q9194#AG0,Baa1
19094071LEQ0 26Q9194#AK1,Baa1
22139143LEQ0 26Q9194#AK1,Baa1
227299415LUL0 26Q9194#AK1,Baa1
24409274LEQ0 26Q9194#AK1,Baa1
264403017LUL0 26Q9194#AK1,Baa1
28212801HLT0 26Q9194#AK1,Baa1
307122419LUL0 26Q9194#AK1,Baa1
32057052LEQ0 26Q9194#AK1,Baa1
34089752HLT0 26Q9194#AK1,Baa1
361821921LUL0 26Q9194#AK1,Baa1
383429922LUL0 26Q9194#AK1,Baa1
57878201NMS0 07Q9326#AD8,Aa1
57878211FMDL 07Q9326#AD8,Aa1
65569521FMD1 07Q9389#AF7,Baa2
65569531LUL1 07Q9389#AF7,Baa2
57185841ESPS 10Q9395*AB2,A2
57185851FMD5 07Q9395*AB2,A2
57185861ESPA 10Q9395*AB2,A2
57185871FMD5 10Q9395*AB2,A2
57186081ESPL 10Q9395*AB2,A2
14912531HLT0 26W0805#AE8,A3
14912532HLT0 26W0805#AE8,A3
61002131ESPS 10W2710@AE0,Baa2
61002181ESPS 07W2710@AE0,Baa2
61002171LULA 07W2710@AF7,Baa2